date,NO2
2023-10-01,2.9333703e-05
2023-10-02,7.8271405e-06
2023-10-03,1.5076535e-05
2023-10-04,1.2636872e-05
2023-10-05,1.5729962e-05
2023-10-06,2.2592514e-05
2023-10-07,2.404469e-05
2023-10-08,2.2506882e-05
2023-10-09,1.3459305e-05
2023-10-10,1.10175815e-05
2023-10-11,7.5920834e-06
2023-10-12,1.8384277e-05
2023-10-13,8.333957e-06
2023-10-14,1.2701625e-05
2023-10-15,9.744629e-06
2023-10-16,1.1331087e-05
2023-10-17,2.0115502e-05
2023-10-18,1.5269143e-05
2023-10-19,1.4266548e-05
2023-10-20,1.5746424e-05
2023-10-21,2.330388e-05
2023-10-22,1.7406395e-05
2023-10-23,1.6201733e-05
2023-10-24,1.4105886e-05
2023-10-25,1.8238443e-05
2023-10-26,2.0877791e-05
2023-10-27,2.4155994e-05
2023-10-28,2.1568181e-05
2023-10-29,2.4567713e-05
2023-10-30,1.3607036e-05
2023-10-31,1.544068e-05
2023-11-01,1.6437e-05
2023-11-02,2.0862466e-05
2023-11-03,1.05317185e-05
2023-11-04,1.6704234e-05
2023-11-05,3.9344113e-06
2023-11-06,7.776313e-06
2023-11-07,1.3048779e-05
2023-11-08,1.8144416e-05
2023-11-09,2.1221756e-05
2023-11-10,1.5112516e-05
2023-11-12,9.003277e-06
2023-11-13,1.5275502e-05
2023-11-14,1.6778027e-05
2023-11-15,1.5545618e-05
2023-11-16,1.4313211e-05
2023-11-17,7.723867e-06
2023-11-18,1.1345252e-06
2023-11-19,-5.4548173e-06
2023-11-20,1.4203139e-05
2023-11-21,1.4125355e-05
2023-11-22,1.3700825e-05
2023-11-23,2.1983102e-05
2023-11-24,2.126945e-05
2023-11-25,2.0555803e-05
2023-11-26,1.9842153e-05
2023-11-27,1.9128503e-05
2023-11-28,1.8414856e-05
2023-11-29,1.7701204e-05
2023-11-30,1.6987557e-05
2023-12-01,1.6273909e-05
2023-12-02,1.4286016e-05
2023-12-03,1.5293155e-05
2023-12-04,1.6300295e-05
2023-12-05,6.5765116e-06
2023-12-06,6.8998825e-06
2023-12-07,7.223254e-06
2023-12-08,7.5466255e-06
2023-12-09,7.869997e-06
2023-12-10,8.193369e-06
2023-12-11,8.51674e-06
2023-12-12,1.0880015e-05
2023-12-13,9.509779e-06
2023-12-14,8.139544e-06
2023-12-15,7.2408416e-06
2023-12-16,6.3421385e-06
2023-12-17,5.443436e-06
2023-12-18,4.156894e-06
2023-12-19,2.8703516e-06
2023-12-20,7.882043e-06
2023-12-21,7.3041306e-06
2023-12-22,6.726219e-06
2023-12-23,6.148307e-06
2023-12-24,5.570395e-06
2023-12-25,7.922092e-06
2023-12-26,1.0273789e-05
2023-12-27,3.909771e-06
2023-12-28,-2.4542474e-06
2023-12-29,1.6676731e-05
2023-12-30,1.0123415e-05
2023-12-31,1.8488136e-05
2024-01-02,7.86273e-06
2024-01-03,7.653163e-06
2024-01-04,7.443598e-06
2024-01-05,1.1824199e-05
2024-01-06,1.62048e-05
2024-01-07,2.0585401e-05
2024-01-08,2.4966004e-05
2024-01-09,2.9346602e-05
2024-01-10,3.3727203e-05
2024-01-11,3.5199806e-05
2024-01-12,2.9221206e-05
2024-01-13,2.3242605e-05
2024-01-14,2.2497312e-05
2024-01-15,2.175202e-05
2024-01-16,2.1006725e-05
2024-01-17,2.026143e-05
2024-01-18,1.9516137e-05
2024-01-19,1.8770847e-05
2024-01-20,1.8025552e-05
2024-01-21,1.7280257e-05
2024-01-22,1.6439662e-05
2024-01-23,1.5744694e-05
2024-01-24,1.5049726e-05
2024-01-25,1.4354759e-05
2024-01-26,1.365979e-05
2024-01-27,1.2964823e-05
2024-01-28,1.276779e-05
2024-01-29,1.2570759e-05
2024-01-30,1.2373728e-05
2024-01-31,1.2176697e-05
2024-02-01,1.1979666e-05
2024-02-02,9.878133e-06
2024-02-03,7.7766e-06
2024-02-04,5.675067e-06
2024-02-05,3.5735343e-06
2024-02-06,1.4720015e-06
2024-02-07,-6.295314e-07
2024-02-08,-2.7310643e-06
2024-02-09,-1.7754707e-06
2024-02-10,-8.1987713e-07
2024-02-11,1.357165e-07
2024-02-12,1.09131e-06
2024-02-13,2.0469038e-06
2024-02-14,3.0024971e-06
2024-02-15,3.958091e-06
2024-02-16,4.913684e-06
2024-02-17,4.5656016e-06
2024-02-18,4.2175184e-06
2024-02-19,3.869435e-06
2024-02-20,1.073527e-05
2024-02-21,1.846185e-05
2024-02-22,2.6439313e-05
2024-02-23,2.5219688e-05
2024-02-24,2.4000063e-05
2024-02-25,2.278044e-05
2024-02-26,2.1560816e-05
2024-02-27,2.0341191e-05
2024-02-28,1.9121568e-05
2024-02-29,1.7901943e-05
2024-03-01,1.6682317e-05
2024-03-02,1.5462694e-05
2024-03-03,1.3736694e-05
2024-03-04,1.5820577e-05
2024-03-05,1.8891873e-05
2024-03-06,2.1963171e-05
2024-03-07,2.0495441e-05
2024-03-08,1.9027713e-05
2024-03-09,1.7559983e-05
2024-03-10,1.6092254e-05
2024-03-12,1.4624525e-05
2024-03-13,1.3156796e-05
2024-03-14,1.1689068e-05
2024-03-15,1.0221338e-05
2024-03-16,8.753608e-06
2024-03-17,7.2858793e-06
2024-03-18,5.81815e-06
2024-03-19,1.569573e-05
2024-03-20,1.4016977e-05
2024-03-21,1.23382215e-05
2024-03-22,1.0659467e-05
2024-03-24,8.980713e-06
2024-03-25,8.74475e-06
2024-03-26,8.508785e-06
2024-03-27,6.499953e-06
2024-03-28,5.2778682e-06
2024-03-29,4.055782e-06
2024-03-30,1.2141849e-05
2024-03-31,1.6336302e-05
2024-04-01,1.2793941e-05
2024-04-02,9.25158e-06
2024-04-03,5.7092184e-06
2024-04-04,8.964764e-06
2024-04-05,1.2220309e-05
2024-04-06,1.5475855e-05
2024-04-07,1.87314e-05
2024-04-08,2.1122607e-05
2024-04-09,2.0938227e-05
2024-04-10,2.0753849e-05
2024-04-11,2.0569469e-05
2024-04-12,2.038509e-05
2024-04-13,2.0200712e-05
2024-04-14,2.0016334e-05
2024-04-15,1.9831954e-05
2024-04-16,2.0044923e-05
2024-04-17,1.7467815e-05
2024-04-18,1.4890706e-05
2024-04-19,1.2313597e-05
2024-04-20,9.736488e-06
2024-04-21,7.522545e-06
2024-04-22,5.3086014e-06
2024-04-23,3.0946587e-06
2024-04-24,6.7250567e-06
2024-04-25,1.0355455e-05
2024-04-26,1.3985853e-05
2024-04-27,1.2173329e-05
2024-04-28,1.7098278e-05
2024-04-29,1.254702e-05
2024-04-30,7.995761e-06
2024-05-01,1.5583724e-05
2024-05-02,1.4407398e-05
2024-05-03,1.3231072e-05
2024-05-04,1.727702e-05
2024-05-05,1.1548151e-05
2024-05-06,1.556836e-05
2024-05-07,1.24172675e-05
2024-05-08,5.9667536e-06
2024-05-09,7.19469e-06
2024-05-10,8.422627e-06
2024-05-11,1.9184601e-05
2024-05-12,1.8041088e-05
2024-05-13,1.6897578e-05
2024-05-14,1.5754067e-05
2024-05-15,9.671305e-06
2024-05-16,2.1077725e-05
2024-05-17,1.5510075e-05
2024-05-18,7.55322e-06
2024-05-19,1.0303293e-05
2024-05-20,9.9884155e-06
2024-05-21,1.0036478e-05
2024-05-22,1.5336085e-05
2024-05-23,9.3655e-06
2024-05-24,1.0647285e-05
2024-05-25,8.894695e-06
2024-05-26,7.588428e-06
2024-05-27,3.1430766e-06
2024-05-28,-4.8394895e-07
2024-05-29,2.7140732e-06
2024-05-30,9.1334605e-06
2024-05-31,9.837287e-06
2024-06-01,1.7468494e-05
2024-06-02,5.2272258e-06
2024-06-03,8.544576e-06
2024-06-04,6.0965294e-06
2024-06-05,1.5835627e-05
2024-06-06,1.0351347e-05
2024-06-07,7.719319e-06
2024-06-08,5.087292e-06
2024-06-09,7.480249e-06
2024-06-10,9.873207e-06
2024-06-11,1.18576245e-05
2024-06-12,1.3842042e-05
2024-06-13,1.10468445e-05
2024-06-14,9.771495e-06
2024-06-15,8.496145e-06
2024-06-16,7.220796e-06
2024-06-17,1.2131859e-05
2024-06-18,1.7042923e-05
2024-06-19,1.8734012e-05
2024-06-20,1.7519676e-06
2024-06-21,1.0041127e-05
2024-06-22,1.2457108e-05
2024-06-23,1.3010604e-05
2024-06-24,1.35641e-05
2024-06-25,1.4117597e-05
2024-06-26,6.485042e-06
2024-06-27,-1.1475129e-06
2024-06-28,5.8633427e-06
2024-06-29,1.8623323e-05
2024-06-30,2.5065905e-05
2024-07-01,3.8194536e-05
2024-07-02,3.1899304e-05
2024-07-03,2.5604073e-05
2024-07-04,1.9308842e-05
2024-07-05,1.3013611e-05
2024-07-06,1.1152417e-05
2024-07-07,1.4814167e-05
2024-07-08,5.9192685e-06
2024-07-09,1.5574693e-05
2024-07-10,1.3686726e-05
2024-07-11,1.1798759e-05
2024-07-12,2.0743091e-05
2024-07-13,1.3603451e-05
2024-07-14,2.563868e-05
2024-07-15,2.3646424e-05
2024-07-16,1.2096809e-05
2024-07-17,3.394164e-05
2024-07-18,2.7309827e-05
2024-07-19,2.067801e-05
2024-07-20,1.2940105e-05
2024-07-21,3.066358e-06
2024-07-22,2.9714636e-06
2024-07-23,1.362816e-05
2024-07-24,1.9418758e-05
2024-07-25,1.1093878e-05
2024-07-26,1.21868125e-05
2024-07-27,1.1994012e-05
2024-07-28,1.34901775e-05
2024-07-29,3.6700476e-06
2024-07-30,1.6946842e-05
2024-07-31,1.426461e-05
2024-08-01,1.1988518e-05
2024-08-02,9.7124275e-06
2024-08-03,5.8255946e-06
2024-08-04,2.121244e-05
2024-08-05,9.861853e-06
2024-08-06,1.1828349e-05
2024-08-07,1.3732102e-05
2024-08-08,1.9434938e-05
2024-08-09,1.6416461e-05
2024-08-10,1.6742153e-05
2024-08-11,1.7950904e-05
2024-08-13,1.4034168e-05
2024-08-14,1.7425824e-05
2024-08-15,2.3129469e-05
2024-08-16,2.0522422e-05
2024-08-17,1.0708302e-05
2024-08-18,1.7051105e-05
2024-08-19,1.2228781e-05
2024-08-20,1.795588e-05
2024-08-21,1.3494329e-05
2024-08-22,1.365963e-05
2024-08-23,1.7034907e-05
2024-08-24,1.30255385e-05
2024-08-25,1.306171e-05
2024-08-26,2.031519e-05
2024-08-27,1.7739949e-05
2024-08-28,2.0175485e-05
2024-08-29,2.2611022e-05
2024-08-30,9.605857e-06
2024-08-31,2.1523854e-05
2024-09-01,1.5708943e-05
2024-09-02,1.0500806e-05
2024-09-03,2.0491493e-06
2024-09-04,2.5474674e-06
2024-09-05,2.6292846e-05
2024-09-06,2.0440553e-05
2024-09-07,2.2952521e-05
2024-09-08,6.5734375e-06
2024-09-09,9.045854e-06
2024-09-10,1.5648056e-05
2024-09-11,1.7471051e-05
2024-09-12,2.6408215e-05
2024-09-13,1.6850467e-05
2024-09-14,1.1484293e-05
2024-09-15,1.3252514e-05
2024-09-16,1.9856207e-05
2024-09-17,3.0918673e-05
2024-09-18,2.4839366e-05
2024-09-19,1.4915442e-05
2024-09-20,9.154804e-06
2024-09-21,1.4041534e-05
2024-09-22,8.670522e-06
2024-09-23,1.1193315e-05
2024-09-24,1.3716108e-05
2024-09-25,1.6086085e-05
2024-09-26,1.8456063e-05
2024-09-27,1.152165e-05
2024-09-28,1.9512889e-05
2024-09-29,9.783565e-06
2024-09-30,7.966578e-06
2024-10-01,9.912743e-06
2024-10-02,2.0075295e-05
2024-10-03,1.6908394e-05
2024-10-04,2.2188753e-05
2024-10-05,1.3427643e-05
2024-10-06,8.383042e-06
2024-10-07,1.6221275e-05
2024-10-08,1.4916922e-05
2024-10-09,2.0191166e-05
2024-10-10,1.0866383e-05
2024-10-11,-6.8526754e-07
2024-10-12,1.8498837e-05
2024-10-13,1.9770408e-05
2024-10-14,1.4028477e-05
2024-10-15,2.2506969e-05
2024-10-16,5.163015e-06
2024-10-17,1.7080287e-05
2024-10-18,1.0494416e-05
2024-10-19,1.6939382e-05
2024-10-20,8.920595e-06
2024-10-21,1.2897855e-05
2024-10-22,1.6875116e-05
2024-10-23,2.0852376e-05
2024-10-24,2.4025061e-05
2024-10-25,1.4738847e-05
2024-10-26,1.1821252e-05
2024-10-27,1.4582893e-05
2024-10-28,1.8890867e-05
2024-10-29,1.4603207e-05
2024-10-30,1.3781844e-05
2024-10-31,8.775205e-06
2024-11-01,9.738993e-06
2024-11-02,1.0702781e-05
2024-11-03,1.5053814e-05
2024-11-04,1.9404848e-05
2024-11-05,1.7118176e-05
2024-11-06,1.2150658e-05
2024-11-07,1.1096441e-05
2024-11-08,1.6384438e-05
2024-11-09,2.7266502e-05
2024-11-10,2.2699438e-05
2024-11-11,1.8132376e-05
2024-11-12,1.3565313e-05
2024-11-13,1.8286873e-05
2024-11-14,1.1483235e-05
2024-11-15,3.610099e-06
2024-11-16,4.006618e-06
2024-11-17,4.4031367e-06
2024-11-18,4.7996555e-06
2024-11-19,5.1961742e-06
2024-11-20,4.015476e-06
2024-11-21,2.8347781e-06
2024-11-22,-8.81061e-07
2024-11-23,-3.8198436e-08
2024-11-24,8.0466407e-07
2024-11-25,1.6475267e-06
2024-11-26,2.490389e-06
2024-11-27,3.3332515e-06
2024-11-28,4.1761145e-06
2024-11-29,5.0189765e-06
2024-11-30,5.861839e-06
2024-12-01,6.704702e-06
2024-12-02,7.5475646e-06
2024-12-03,8.390427e-06
2024-12-04,9.233289e-06
2024-12-05,1.0076152e-05
2024-12-06,1.0919014e-05
2024-12-07,1.1761877e-05
2024-12-08,1.2604739e-05
2024-12-09,1.3447601e-05
2024-12-10,1.4290465e-05
2024-12-11,1.5133327e-05
2024-12-12,1.597619e-05
2024-12-13,1.6819053e-05
2024-12-14,1.7661914e-05
2024-12-15,1.8504776e-05
2024-12-16,1.9347639e-05
2024-12-17,2.0190502e-05
2024-12-18,2.1033364e-05
2024-12-19,2.1876227e-05
2024-12-20,2.2027178e-05
2024-12-21,2.217813e-05
2024-12-22,2.232908e-05
2024-12-23,2.2480033e-05
2024-12-24,2.2630986e-05
2024-12-25,2.2781936e-05
2024-12-26,2.2932887e-05
2024-12-27,2.308384e-05
2024-12-28,2.2655433e-05
2024-12-29,2.222703e-05
2024-12-30,2.1798625e-05
2024-12-31,2.1370222e-05
2025-01-01,2.0941818e-05
2025-01-02,2.0513413e-05
2025-01-03,2.0085008e-05
2025-01-04,1.9656603e-05
2025-01-05,1.9228197e-05
2025-01-06,1.8799794e-05
2025-01-07,1.837139e-05
2025-01-08,1.7942986e-05
2025-01-09,1.7929473e-05
2025-01-10,1.7915963e-05
2025-01-11,1.7902452e-05
2025-01-12,1.7888939e-05
2025-01-13,1.7875429e-05
2025-01-14,1.7861918e-05
2025-01-15,1.7848406e-05
2025-01-16,1.7834895e-05
2025-01-17,1.7821383e-05
2025-01-18,1.7807872e-05
2025-01-19,1.7664126e-05
2025-01-20,1.752038e-05
2025-01-21,1.7376635e-05
2025-01-22,1.7232887e-05
2025-01-23,1.7089142e-05
2025-01-24,1.6945396e-05
2025-01-25,1.6801652e-05
2025-01-26,1.6657905e-05
2025-01-27,1.651416e-05
2025-01-28,1.6370414e-05
2025-01-29,1.6226668e-05
2025-01-30,1.6082922e-05
2025-02-01,1.5939175e-05
2025-02-02,1.6862532e-05
2025-02-03,1.778589e-05
2025-02-04,1.7775232e-05
2025-02-05,1.7764574e-05
2025-02-06,1.869909e-05
2025-02-07,1.9633604e-05
2025-02-08,2.0568119e-05
2025-02-09,2.1502634e-05
2025-02-10,2.2437147e-05
2025-02-11,2.3371664e-05
2025-02-12,2.4306177e-05
2025-02-13,2.2367369e-05
2025-02-14,2.042856e-05
2025-02-15,1.609125e-05
2025-02-16,1.5546291e-05
2025-02-17,1.5001331e-05
2025-02-18,1.4456371e-05
2025-02-19,1.3911412e-05
2025-02-20,1.3366453e-05
2025-02-21,1.2821493e-05
2025-02-22,1.2276534e-05
2025-02-23,1.1731574e-05
2025-02-24,1.1186616e-05
2025-02-25,1.06416555e-05
2025-02-26,9.767163e-06
2025-02-27,8.892671e-06
2025-02-28,8.018179e-06
2025-03-01,7.143686e-06
2025-03-02,5.404638e-06
2025-03-03,-9.37265e-07
2025-03-04,8.277539e-09
2025-03-05,4.114647e-06
2025-03-06,8.221015e-06
2025-03-07,1.00600155e-05
2025-03-08,1.1899017e-05
2025-03-09,1.37380175e-05
2025-03-10,1.5577018e-05
2025-03-11,1.7416018e-05
2025-03-12,1.925502e-05
2025-03-13,1.936529e-05
2025-03-14,1.947556e-05
2025-03-15,1.9585828e-05
2025-03-16,1.96961e-05
2025-03-17,1.7936782e-05
2025-03-18,1.6177466e-05
2025-03-19,1.5667934e-05
2025-03-20,1.5158404e-05
2025-03-21,1.4648874e-05
2025-03-22,1.4139343e-05
2025-03-23,1.3629813e-05
2025-03-24,1.3120283e-05
2025-03-25,1.26107525e-05
2025-03-26,1.2101222e-05
2025-03-27,1.1591691e-05
2025-03-28,1.108216e-05
2025-03-29,1.1411854e-05
2025-03-30,1.1741547e-05
2025-03-31,1.20712375e-05
2025-04-01,1.240093e-05
2025-04-02,1.2730623e-05
2025-04-03,1.3060316e-05
2025-04-04,1.33900085e-05
2025-04-05,1.3719699e-05
2025-04-06,1.4049392e-05
2025-04-07,1.4379085e-05
2025-04-08,5.8592827e-06
2025-04-09,-3.3732667e-06
2025-04-10,-3.1243997e-06
2025-04-11,-2.8755333e-06
2025-04-12,-2.6266669e-06
2025-04-13,1.1460577e-07
2025-04-14,2.8558784e-06
2025-04-15,6.204427e-06
2025-04-16,9.552976e-06
2025-04-17,1.2901524e-05
2025-04-18,1.4565744e-05
2025-04-19,1.6229964e-05
2025-04-20,1.7894183e-05
2025-04-21,1.9558402e-05
2025-04-22,2.1222622e-05
2025-04-23,2.2886841e-05
2025-04-24,1.8655928e-05
2025-04-25,1.5569532e-05
2025-04-26,1.2483139e-05
2025-04-27,9.7732445e-06
2025-04-28,1.2242823e-05
2025-04-29,1.1522029e-05
2025-04-30,7.3030187e-06
2025-05-01,3.0840079e-06
2025-05-02,3.9335687e-06
2025-05-03,1.0092223e-05
2025-05-04,1.2942342e-05
2025-05-05,3.2303185e-06
2025-05-06,1.5005379e-06
2025-05-07,-2.2924272e-07
2025-05-08,3.872868e-06
2025-05-09,7.974979e-06
2025-05-10,1.2077089e-05
2025-05-11,1.2283396e-05
2025-05-12,1.2489702e-05
2025-05-13,1.2696008e-05
2025-05-14,1.2902316e-05
2025-05-15,1.3108622e-05
2025-05-16,1.3314928e-05
2025-05-17,1.3521234e-05
2025-05-18,1.3727541e-05
2025-05-19,1.3933847e-05
2025-05-20,1.4140153e-05
2025-05-21,1.3362743e-05
2025-05-22,1.2585332e-05
2025-05-23,1.1807921e-05
2025-05-24,1.103051e-05
2025-05-25,1.0253099e-05
2025-05-26,8.509785e-06
2025-05-27,6.766471e-06
2025-05-28,5.023157e-06
2025-05-29,3.2798428e-06
2025-05-30,1.8494433e-05
2025-05-31,1.3555005e-05
2025-06-01,1.2582641e-05
2025-06-02,1.16102765e-05
2025-06-03,1.0637913e-05
2025-06-04,4.213054e-06
2025-06-05,1.0036784e-05
2025-06-06,6.493534e-06
2025-06-07,8.705691e-06
2025-06-08,1.0917847e-05
2025-06-09,8.882942e-06
2025-06-10,4.3191817e-06
2025-06-11,8.987853e-06
2025-06-12,6.7079422e-06
2025-06-13,4.428032e-06
2025-06-14,7.2970256e-06
2025-06-15,1.016602e-05
2025-06-16,1.3538306e-05
2025-06-17,9.388564e-06
2025-06-18,1.19353335e-05
2025-06-19,1.48162035e-05
2025-06-20,9.001391e-06
2025-06-21,3.1865786e-06
2025-06-22,3.4512077e-06
2025-06-23,3.715837e-06
2025-06-24,4.961853e-06
2025-06-25,6.207869e-06
2025-06-26,6.5391105e-06
2025-06-27,6.870353e-06
2025-06-28,7.201595e-06
2025-06-29,7.772887e-06
2025-06-30,8.344179e-06
2025-07-01,8.915472e-06
2025-07-02,1.6694023e-05
2025-07-03,1.3598271e-05
2025-07-04,1.0502521e-05
2025-07-05,1.1332588e-05
2025-07-06,1.21626545e-05
2025-07-07,1.2992721e-05
2025-07-08,1.4215546e-05
2025-07-09,9.250535e-06
2025-07-10,-1.4645207e-06
2025-07-11,3.727107e-06
2025-07-12,3.2864154e-06
2025-07-13,2.8457239e-06
2025-07-14,1.1121197e-05
2025-07-15,9.867349e-06
2025-07-16,1.5098612e-05
2025-07-17,1.7489447e-05
2025-07-18,2.0233587e-05
2025-07-19,7.214554e-06
2025-07-20,1.2318072e-05
2025-07-21,9.022584e-06
2025-07-22,3.5535763e-06
2025-07-23,1.0368444e-05
2025-07-24,5.8901132e-06
2025-07-25,2.4438123e-06
2025-07-26,7.670431e-06
2025-07-27,-1.67967e-06
2025-07-28,6.2278077e-06
2025-07-29,5.605423e-06
2025-07-30,5.1931916e-06
2025-07-31,1.2084084e-05
2025-08-01,1.690164e-06
2025-08-02,9.071808e-06
2025-08-03,6.749466e-06
2025-08-04,1.6516617e-05
2025-08-05,9.182391e-06
2025-08-06,1.1647813e-05
2025-08-07,5.8265387e-06
2025-08-08,2.51191e-06
2025-08-09,1.5105328e-05
2025-08-10,1.42702165e-05
2025-08-11,1.065023e-05
2025-08-12,1.2821287e-05
2025-08-13,1.1588719e-05
2025-08-14,9.070051e-06
2025-08-15,1.0531935e-05
2025-08-16,1.5301313e-05
2025-08-17,1.7072689e-05
2025-08-18,1.3771485e-05
2025-08-19,1.047028e-05
2025-08-20,7.5141866e-06
2025-08-21,4.5580928e-06
2025-08-22,5.2263413e-06
2025-08-23,1.0556889e-05
2025-08-24,2.1919926e-05
2025-08-25,2.1517048e-05
2025-08-26,1.0930209e-05
2025-08-27,2.0421972e-05
2025-08-28,8.694993e-06
2025-08-29,1.6065916e-05
2025-08-30,2.4219558e-05
2025-08-31,8.957073e-06
2025-09-01,1.10925685e-05
2025-09-02,-1.3434503e-06
2025-09-03,1.0245245e-05
2025-09-04,1.1626616e-05
2025-09-05,1.6565536e-05
2025-09-06,-1.3569813e-05
2025-09-07,1.8675695e-05
2025-09-08,1.389034e-05
2025-09-09,2.4777353e-05
2025-09-10,1.3110922e-05
2025-09-11,9.826255e-06
2025-09-12,4.4027865e-06
2025-09-13,5.0354206e-06
2025-09-14,2.0158937e-05
2025-09-15,6.322514e-06
2025-09-16,5.4606403e-06
2025-09-17,5.122525e-06
2025-09-18,4.7844105e-06
2025-09-19,4.446296e-06
2025-09-20,9.253607e-06
2025-09-21,8.041063e-06
2025-09-22,9.816936e-06
2025-09-23,1.2925638e-05
2025-09-24,2.2355292e-05
2025-09-25,2.2945704e-05
2025-09-26,5.858192e-06
2025-09-27,9.54009e-06
2025-09-28,8.961078e-06
2025-09-29,8.961078e-06
2025-09-30,8.961078e-06
